band_hz,seed,subject_zero_based,test_trials,correct,last_epoch_accuracy_percent
8-32,666,0,112,99,88.39285714285714
8-32,666,1,84,42,50.0
8-32,666,2,112,72,64.28571428571429
8-32,666,3,112,109,97.32142857142857
8-32,666,4,112,102,91.07142857142857
8-32,666,5,112,97,86.60714285714286
8-32,666,6,112,88,78.57142857142857
8-32,666,7,112,98,87.5
8-32,666,8,112,98,87.5
8-32,667,0,112,90,80.35714285714286
8-32,667,1,84,46,54.761904761904766
8-32,667,2,112,55,49.107142857142854
8-32,667,3,112,111,99.10714285714286
8-32,667,4,112,98,87.5
8-32,667,5,112,95,84.82142857142857
8-32,667,6,112,94,83.92857142857143
8-32,667,7,112,96,85.71428571428571
8-32,667,8,112,97,86.60714285714286
8-32,668,0,112,97,86.60714285714286
8-32,668,1,84,49,58.333333333333336
8-32,668,2,112,64,57.14285714285714
8-32,668,3,112,111,99.10714285714286
8-32,668,4,112,95,84.82142857142857
8-32,668,5,112,92,82.14285714285714
8-32,668,6,112,90,80.35714285714286
8-32,668,7,112,97,86.60714285714286
8-32,668,8,112,101,90.17857142857143
8-30,666,0,112,98,87.5
8-30,666,1,84,47,55.952380952380956
8-30,666,2,112,73,65.17857142857143
8-30,666,3,112,109,97.32142857142857
8-30,666,4,112,102,91.07142857142857
8-30,666,5,112,98,87.5
8-30,666,6,112,91,81.25
8-30,666,7,112,98,87.5
8-30,666,8,112,100,89.28571428571429
8-30,667,0,112,93,83.03571428571429
8-30,667,1,84,47,55.952380952380956
8-30,667,2,112,55,49.107142857142854
8-30,667,3,112,111,99.10714285714286
8-30,667,4,112,98,87.5
8-30,667,5,112,93,83.03571428571429
8-30,667,6,112,94,83.92857142857143
8-30,667,7,112,96,85.71428571428571
8-30,667,8,112,96,85.71428571428571
8-30,668,0,112,95,84.82142857142857
8-30,668,1,84,47,55.952380952380956
8-30,668,2,112,63,56.25
8-30,668,3,112,111,99.10714285714286
8-30,668,4,112,94,83.92857142857143
8-30,668,5,112,91,81.25
8-30,668,6,112,90,80.35714285714286
8-30,668,7,112,97,86.60714285714286
8-30,668,8,112,102,91.07142857142857
